Player,Pos.,2025 Team,2026 Team,Type,Snaps,Age,Current APY,Guarantees
Trey Hendrickson,EDGE,Bengals,,Void,26.20%,32,"$29,000,000","$20,000,000"
Deebo Samuel,WR,Commanders,,Void,67.60%,30,"$23,850,000","$41,000,000"
Mike Evans,WR,Buccaneers,,Void,31.50%,33,"$20,500,000","$29,000,000"
Christian Kirk,WR,Texans,,Void,37.30%,30,"$18,000,000","$37,000,000"
Khalil Mack,EDGE,Chargers,,UFA,41.70%,35,"$18,000,000","$18,000,000"
Travis Kelce,TE,Chiefs,,UFA,81.00%,37,"$17,125,000","$17,000,000"
Joel Bitonio,LG,Browns,,Void,99.70%,35,"$16,000,000","$14,602,942"
Jonah Williams,LT,Cardinals,,Void,52.20%,29,"$15,000,000","$19,000,000"
Wyatt Teller,RG,Browns,,Void,70.50%,32,"$14,200,000","$16,591,500"
Haason Reddick,EDGE,Buccaneers,,UFA,49.80%,32,"$14,000,000","$12,000,000"
Daniel Jones,QB,Colts,,UFA,70.50%,29,"$14,000,000","$13,150,000"
David Njoku,TE,Browns,,Void,47.50%,30,"$13,687,500","$17,000,000"
Aaron Rodgers,QB,Steelers,,UFA,89.00%,43,"$13,650,000","$10,000,000"
Joey Bosa,EDGE,Bills,,Void,57.20%,31,"$12,610,000","$12,000,000"
Jalen Thompson,S,Cardinals,,Void,85.50%,28,"$12,000,000","$20,000,000"
Cam Robinson,LT,Browns,,Void,69.40%,31,"$12,000,000","$10,750,000"
David Onyemata,IDL,Falcons,,Void,57.40%,34,"$11,666,667","$24,500,000"
Rob Havenstein,RT,Rams,,Void,40.70%,34,"$11,500,000","$13,176,471"
Malcolm Koonce,EDGE,Raiders,,UFA,44.50%,28,"$11,040,000","$10,020,000"
D.J. Reader,IDL,Lions,,Void,52.80%,32,"$11,000,000","$7,425,000"
Kyle Dugger,S,Steelers,,Void,66.00%,30,"$11,000,000","$9,750,000"
Russell Wilson,QB,Giants,,UFA,19.10%,38,"$10,500,000","$10,000,000"
Harrison Smith,S,Vikings,,Void,74.10%,37,"$10,250,000","$8,000,000"
Justin Jones,IDL,Cardinals,,SFA,0.00%,30,"$10,055,000","$17,750,000"
Taysom Hill,TE,Saints,,Void,18.70%,36,"$10,000,000","$10,100,000"
Dyami Brown,WR,Jaguars,,Void,31.00%,27,"$10,000,000","$9,500,000"
Darius Slay,CB,Bills,,UFA,36.50%,35,"$10,000,000","$8,745,000"
Leonard Floyd,EDGE,Falcons,,UFA,41.80%,34,"$10,000,000","$10,000,000"
Dallas Goedert,TE,Eagles,,Void,74.70%,31,"$10,000,000","$10,000,000"
Tutu Atwell,WR,Rams,,UFA,16.50%,27,"$10,000,000","$10,000,000"
Bobby Wagner,LB,Commanders,,UFA,99.40%,36,"$9,000,000","$8,000,000"
Kevin Zeitler,RG,Titans,,UFA,86.20%,36,"$9,000,000","$8,745,000"
Lavonte David,LB,Buccaneers,,UFA,91.20%,36,"$9,000,000","$9,000,000"
Yetur Gross-Matos,EDGE,49ers,,Void,14.60%,28,"$9,000,000","$9,390,000"
Jack Conklin,RT,Browns,,Void,35.30%,32,"$9,000,000","$9,000,000"
Demario Davis,LB,Saints,,Void,98.30%,37,"$8,625,000","$13,250,000"
Tyler Higbee,TE,Rams,,Void,32.20%,33,"$8,500,000","$11,075,980"
Dre'Mont Jones,IDL,Ravens,,UFA,72.20%,29,"$8,500,000","$7,900,000"
Andre Cisco,S,Jets,,Void,44.20%,26,"$8,500,000","$7,500,000"
Kyle Pitts,TE,Falcons,,UFA,87.70%,26,"$8,227,624","$32,910,496"
Braden Smith,RT,Colts,,UFA,71.50%,30,"$8,000,000",$0
DaQuan Jones,IDL,Bills,,Void,43.00%,35,"$8,000,000","$10,500,000"
Isaac Seumalo,LG,Steelers,,UFA,74.60%,33,"$8,000,000","$6,950,000"
Marcus Mariota,QB,Commanders,,UFA,48.40%,33,"$8,000,000","$7,390,000"
Samson Ebukam,EDGE,Colts,,UFA,35.70%,31,"$8,000,000","$10,755,000"
Kenneth Murray,LB,Cowboys,,UFA,78.90%,28,"$7,750,000","$7,490,000"
Kevin Byard,S,Bears,,UFA,99.80%,33,"$7,500,000","$7,390,000"
Denico Autry,EDGE,Texans,,Void,19.80%,36,"$7,500,000","$3,000,000"
John Franklin-Myers,IDL,Broncos,,UFA,46.00%,30,"$7,500,000","$8,000,000"
Connor McGovern,LG,Bills,,Void,91.60%,29,"$7,450,000","$9,900,000"
Trey Pipkins,RT,Chargers,,UFA,53.00%,30,"$7,250,000","$13,250,000"
Kaden Elliss,LB,Falcons,,UFA,99.90%,31,"$7,166,667","$10,160,000"
Marquise Brown,WR,Chiefs,,UFA,49.50%,29,"$7,000,000","$6,500,000"
Jermaine Eluemunor,LT,Giants,,UFA,94.60%,32,"$7,000,000","$6,750,000"
Arden Key,EDGE,Titans,,Void,42.30%,30,"$7,000,000","$13,000,000"
Donovan Wilson,S,Cowboys,,Void,83.20%,31,"$7,000,000","$13,500,000"
Larry Ogunjobi,IDL,Bills,,Void,21.90%,32,"$6,696,735","$5,426,735"
Joseph Ossai,EDGE,Bengals,,UFA,56.60%,26,"$6,500,000","$3,000,000"
Sebastian Joseph-Day,IDL,Titans,,UFA,45.60%,31,"$6,500,000","$4,980,000"
Matt Milano,LB,Bills,,Void,50.10%,32,"$6,306,500","$5,631,000"
Alex Anzalone,LB,Lions,,Void,90.90%,32,"$6,250,000","$9,000,000"
D.J. Wonnum,EDGE,Panthers,,Void,65.10%,29,"$6,250,000","$1,250,000"
Zach Ertz,TE,Commanders,,UFA,52.30%,36,"$6,250,000","$5,590,000"
Evan Neal,RT,Giants,,UFA,0.00%,26,"$6,137,814","$24,551,256"
Von Miller,EDGE,Commanders,,UFA,36.90%,37,"$6,100,000","$4,995,000"
Cameron Jordan,EDGE,Saints,,Void,53.60%,37,"$6,050,000","$6,050,000"
Tyrod Taylor,QB,Jets,,Void,24.00%,37,"$6,000,000","$8,500,000"
Quincy Williams,LB,Jets,,Void,64.80%,30,"$6,000,000","$9,000,000"
Dante Fowler Jr.,EDGE,Cowboys,,UFA,32.40%,32,"$6,000,000","$5,000,000"
A.J. Epenesa,EDGE,Bills,,Void,44.60%,28,"$6,000,000","$6,560,000"
Ethan Pocic,C,Browns,,Void,76.20%,31,"$6,000,000","$10,000,000"
John Simpson,LG,Jets,,Void,0.00%,29,"$6,000,000","$6,000,000"
Zach Wilson,QB,Dolphins,,Void,2.60%,27,"$6,000,000","$6,000,000"
Tyquan Lewis,EDGE,Colts,,UFA,28.00%,31,"$6,000,000","$6,700,000"
Alex Singleton,LB,Broncos,,UFA,91.50%,33,"$6,000,000","$9,000,000"
Jauan Jennings,WR,49ers,,Void,70.80%,29,"$5,945,000","$8,435,000"
Calais Campbell,IDL,Cardinals,,UFA,45.70%,40,"$5,500,000","$4,250,000"
Jonathan Jones,CB,Commanders,,UFA,42.50%,33,"$5,500,000","$4,500,000"
Charles Cross,LT,Seahawks,Seahawks,Extension,76.30%,26,"$26,100,000","$43,060,000"
Najee Harris,RB,Chargers,,UFA,3.80%,28,"$5,250,000","$5,250,000"
Sheldon Rankins,IDL,Texans,,Void,57.40%,32,"$5,250,000","$4,500,000"
Alohi Gilman,S,Ravens,,UFA,93.20%,29,"$5,062,500","$5,625,000"
DeAndre Hopkins,WR,Ravens,,Void,32.90%,34,"$5,000,000","$5,000,000"
Austin Hooper,TE,Patriots,,UFA,46.80%,32,"$5,000,000","$4,000,000"
Jamel Dean,CB,Buccaneers,,UFA,56.80%,30,"$5,000,000","$4,250,000"
Adam Thielen,WR,Steelers,,UFA,38.10%,36,"$5,000,000","$1,000,000"
Geno Stone,S,Bengals,,UFA,93.10%,27,"$4,900,000","$1,500,000"
Joe Tryon-Shoyinka,EDGE,Bears,,Void,13.20%,27,"$4,750,000","$4,190,000"
Amik Robertson,CB,Lions,,UFA,76.30%,28,"$4,625,000","$4,500,000"
Daniel Carlson,K,Raiders,,UFA,26.40%,31,"$4,600,000","$4,255,556"
Kamren Curl,S,Rams,,UFA,99.10%,27,"$4,500,000","$6,000,000"
Teair Tart,IDL,Chargers,,UFA,49.00%,29,"$4,500,000","$3,500,000"
Ryan Bates,RG,Bears,,Void,0.00%,29,"$4,250,000","$8,850,000"
Joe Flacco,QB,Bengals,,Void,62.70%,41,"$4,250,000","$3,000,000"
Kyle Van Noy,EDGE,Ravens,,UFA,43.40%,35,"$4,250,000",$0
Austin Ekeler,RB,Commanders,,UFA,6.50%,31,"$4,215,000","$4,210,000"
Foster Moreau,TE,Saints,,Void,22.50%,29,"$4,078,000","$8,020,000"
Derek Barnett,EDGE,Texans,,UFA,33.70%,30,"$4,000,000","$1,500,000"
Andrew Billings,IDL,Bears,,UFA,47.60%,31,"$4,000,000","$5,060,000"
Josh Jones,RG,Seahawks,,UFA,23.90%,29,"$4,000,000","$3,000,000"
Kelvin Beachum,RT,Cardinals,,UFA,58.80%,37,"$4,000,000","$3,490,000"
Andrew Wylie,RT,Commanders,,UFA,34.30%,32,"$4,000,000","$3,495,000"
Rakeem Nunez-Roches,IDL,Giants,,UFA,21.60%,33,"$4,000,000","$5,465,000"
Kalif Raymond,WR,Lions,,UFA,32.60%,32,"$4,000,000","$3,330,000"
Charles Omenihu,EDGE,Chiefs,,UFA,54.30%,29,"$4,000,000","$3,450,000"
Alijah Vera-Tucker,RG,Jets,,UFA,0.00%,27,"$3,971,259","$15,885,034"
Jahan Dotson,WR,Eagles,,Void,56.80%,26,"$3,762,089","$15,048,356"
Adam Trautman,TE,Broncos,,UFA,57.10%,29,"$3,750,000","$5,000,000"
Robert Jones,RG,Cowboys,,UFA,0.00%,27,"$3,750,000","$3,000,000"
Zion Johnson,LG,Chargers,,UFA,93.80%,27,"$3,686,670","$14,746,680"
Trevor Penning,LT,Chargers,,UFA,48.80%,27,"$3,535,829","$14,143,316"
Kenny Pickett,QB,Raiders,,UFA,8.00%,28,"$3,516,976","$14,067,904"
Jaelan Phillips,EDGE,Eagles,,UFA,74.50%,27,"$3,504,552","$14,018,206"
E.J. Speed,LB,Texans,,UFA,41.30%,31,"$3,500,000","$3,250,000"
Jadeveon Clowney,EDGE,Cowboys,,UFA,33.70%,33,"$3,500,000","$1,250,000"
P.J. Locke,S,Broncos,,UFA,15.40%,29,"$3,500,000","$3,245,000"
Eric Stokes,CB,Raiders,,UFA,92.20%,27,"$3,500,000","$2,990,000"
Jordan Elliott,IDL,49ers,,Void,42.70%,29,"$3,500,000","$2,325,000"
Greg Gaines,IDL,Buccaneers,,UFA,33.50%,30,"$3,500,000","$3,000,000"
Roy Lopez,IDL,Lions,,UFA,38.50%,29,"$3,500,000","$3,500,000"
Quay Walker,LB,Packers,,UFA,80.40%,26,"$3,460,411","$13,841,644"
Kwity Paye,EDGE,Colts,,UFA,62.00%,28,"$3,411,209","$13,644,836"
Cole Van Lanen,LT,Jaguars,Jaguars,Extension,55.00%,28,"$17,000,000","$25,000,000"
Cade Mays,LG,Panthers,,UFA,68.50%,27,"$3,406,000",$0
Tyler Linderbaum,C,Ravens,,UFA,99.20%,26,"$3,309,574","$13,238,294"
Tony Adams,S,Jets,,UFA,41.50%,27,"$3,263,000",$0
Chris Williams,IDL,Bears,,UFA,20.40%,28,"$3,263,000",$0
Ar'Darius Washington,S,Ravens,,UFA,5.40%,27,"$3,263,000",$0
Greg Dortch,WR,Cardinals,,UFA,25.70%,28,"$3,263,000",$0
Kader Kohou,CB,Dolphins,,UFA,0.00%,28,"$3,263,000",$0
Noah Brown,WR,Commanders,,UFA,9.70%,30,"$3,250,000","$2,470,000"
Miles Killebrew,S,Steelers,,UFA,0.00%,33,"$3,250,000","$2,090,000"
Greg Van Roten,RG,Giants,,UFA,100.00%,36,"$3,250,000","$2,450,000"
Devin Bush,LB,Browns,,Void,82.60%,28,"$3,250,000","$2,970,000"
Deatrich Wise,EDGE,Commanders,,UFA,4.50%,32,"$3,250,000","$2,350,000"
Emmanuel Ogbah,EDGE,Jaguars,,UFA,29.50%,33,"$3,250,000","$2,000,000"
Devin Lloyd,LB,Jaguars,,UFA,64.40%,28,"$3,234,152","$12,936,608"
Travis Etienne,RB,Jaguars,,UFA,60.10%,27,"$3,224,528","$12,898,112"
Andrew Wingard,S,Jaguars,,UFA,87.70%,30,"$3,200,000","$4,080,000"
Greg Newsome II,CB,Jaguars,,Void,69.10%,26,"$3,187,189","$12,748,754"
Julian Blackmon,S,Saints,,UFA,6.00%,28,"$3,170,000","$3,170,000"
Rashid Shaheed,WR,Seahawks,,Void,63.80%,28,"$3,092,500","$1,000,000"
Teven Jenkins,RG,Browns,,Void,29.80%,28,"$3,050,000","$2,670,000"
Keenan Allen,WR,Chargers,,UFA,55.10%,34,"$3,020,000","$2,255,000"
Elandon Roberts,LB,Raiders,,UFA,58.10%,32,"$3,010,000","$2,500,000"
Shelby Harris,IDL,Browns,,Void,48.20%,35,"$3,010,000","$2,500,000"
Jimmy Garoppolo,QB,Rams,,UFA,1.60%,35,"$3,005,000","$3,005,000"
Tyler Conklin,TE,Chargers,,UFA,14.80%,31,"$3,000,000","$2,830,000"
Azeez Ojulari,EDGE,Eagles,,Void,6.00%,26,"$3,000,000","$3,000,000"
Tim Settle,IDL,Texans,,UFA,36.90%,29,"$3,000,000","$3,250,000"
Folorunso Fatukasi,IDL,Texans,,UFA,9.70%,31,"$3,000,000","$1,500,000"
Javonte Williams,RB,Cowboys,,UFA,64.80%,26,"$3,000,000","$2,000,000"
Austin Corbett,RG,Panthers,,Void,63.40%,31,"$3,000,000","$3,000,000"
K'Lavon Chaisson,EDGE,Patriots,,UFA,62.50%,27,"$3,000,000","$2,400,000"
Tommy Townsend,P,Texans,,UFA,33.40%,30,"$3,000,000","$2,000,000"
David Edwards,LG,Bills,,UFA,91.40%,29,"$3,000,000","$2,950,000"
Ifeatu Melifonwu,CB,Dolphins,,UFA,51.10%,27,"$3,000,000","$2,450,000"
Tre'Davious White,CB,Bills,,UFA,71.40%,31,"$3,000,000","$2,200,000"
L.J. Collier,EDGE,Cardinals,,UFA,8.60%,31,"$3,000,000","$1,500,000"
Reed Blankenship,S,Eagles,,Void,89.50%,27,"$2,950,000","$3,935,000"
Bradley Pinion,P,Falcons,,UFA,39.80%,32,"$2,883,333","$4,325,000"
Nick Folk,K,Jets,,UFA,17.20%,42,"$2,875,000","$1,375,000"
Patrick Ricard,FB,Ravens,,UFA,27.00%,32,"$2,872,500","$2,872,500"
Tress Way,P,Commanders,,UFA,28.30%,36,"$2,872,500","$2,000,000"
Odafe Oweh,EDGE,Chargers,,UFA,48.70%,28,"$2,835,598","$10,985,701"
Daniel Ekuale,IDL,Steelers,,UFA,6.20%,32,"$2,800,000","$1,630,000"
C.J. Ham,FB,Vikings,,UFA,18.40%,33,"$2,800,000","$3,300,000"
Justin Strnad,LB,Broncos,,UFA,51.20%,30,"$2,787,500","$2,787,500"
Brady Christensen,LG,Panthers,,UFA,27.00%,30,"$2,787,500","$2,787,500"
Rico Dowdle,RB,Panthers,,UFA,55.70%,28,"$2,750,000","$2,750,000"
Josh Reynolds,WR,Jets,,UFA,26.00%,31,"$2,750,000","$2,000,000"
Noah Fant,TE,Bengals,,UFA,34.10%,29,"$2,750,000","$1,000,000"
Denzel Perryman,LB,Chargers,,UFA,29.30%,34,"$2,655,000","$300,000"
Mitchell Trubisky,QB,Bills,,UFA,8.70%,32,"$2,625,000","$2,710,000"
Cordell Volson,LG,Bengals,,UFA,0.00%,28,"$2,600,000","$500,000"
Eric Wilson,LB,Vikings,,UFA,90.20%,32,"$2,600,000","$2,000,000"
Jacob Martin,EDGE,Commanders,,UFA,61.50%,31,"$2,585,000","$1,050,000"
Marcus Davenport,EDGE,Lions,,UFA,25.40%,30,"$2,500,000","$1,650,000"
Larry Borom,RT,Dolphins,,UFA,67.50%,27,"$2,500,000","$2,500,000"
Christian Rozeboom,LB,Panthers,,UFA,77.90%,29,"$2,500,000","$1,970,000"
Isaiah Oliver,CB,Jets,,UFA,28.50%,30,"$2,500,000","$2,255,000"
M.J. Stewart,S,Texans,,UFA,21.90%,31,"$2,500,000","$500,000"
Tim Patrick,WR,Jaguars,,UFA,29.20%,33,"$2,500,000","$2,500,000"
Nick Chubb,RB,Texans,,UFA,28.10%,31,"$2,500,000","$1,500,000"
Dean Lowry,IDL,Steelers,,UFA,0.00%,32,"$2,500,000","$1,250,000"
Payton Turner,EDGE,Cowboys,,UFA,0.00%,27,"$2,500,000","$2,000,000"
Durham Smythe,TE,Bears,,UFA,25.40%,31,"$2,500,000","$1,500,000"
Benjamin St-Juste,CB,Chargers,,UFA,35.00%,29,"$2,500,000","$1,000,000"
Ashtyn Davis,S,Dolphins,,UFA,66.70%,30,"$2,500,000","$1,230,000"
D.J. Humphries,LT,Rams,,UFA,7.40%,33,"$2,500,000","$2,340,000"
Brandon Graham,EDGE,Eagles,,Void,10.00%,38,"$2,444,444","$2,444,444"
Zay Jones,WR,Cardinals,,UFA,23.90%,31,"$2,400,000","$1,300,000"
Da'Shawn Hand,EDGE,Chargers,,UFA,44.30%,31,"$2,350,000","$725,000"
Jeff Okudah,CB,Vikings,,UFA,8.70%,27,"$2,350,000","$2,350,000"
Logan Hall,IDL,Buccaneers,,UFA,58.40%,26,"$2,329,114","$7,566,029"
Landon Young,RT,Saints,,UFA,0.00%,29,"$2,327,500","$509,500"
Roger McCreary,CB,Rams,,UFA,32.20%,26,"$2,291,404","$7,245,757"
Spencer Burford,RG,49ers,,UFA,40.80%,26,"$2,275,000","$1,000,000"
Breece Hall,RB,Jets,,UFA,61.10%,25,"$2,253,692","$7,080,482"
Case Keenum,QB,Bears,,UFA,0.00%,38,"$2,250,000","$2,155,000"
Dillon Radunz,RT,Saints,,UFA,62.20%,28,"$2,250,000","$2,250,000"
Liam Eichenberg,C,Dolphins,,UFA,0.00%,28,"$2,225,000","$2,225,000"
Arnold Ebiketie,EDGE,Falcons,,UFA,34.80%,27,"$2,204,673","$6,911,142"
Jason Pinnock,S,49ers,,UFA,45.50%,27,"$2,200,000","$2,200,000"
Mo Alie-Cox,TE,Colts,,UFA,39.10%,33,"$2,200,000","$1,167,500"
Boye Mafe,EDGE,Seahawks,,UFA,49.70%,28,"$2,140,565","$6,319,290"
Kenneth Walker III,RB,Seahawks,,UFA,46.20%,26,"$2,110,395","$6,144,040"
Tylan Wallace,WR,Ravens,,Void,18.20%,27,"$2,100,000","$1,350,000"
Khyiris Tonga,IDL,Patriots,,UFA,27.10%,30,"$2,100,000","$1,000,000"
Jake Bailey,P,Dolphins,,UFA,29.30%,29,"$2,100,000","$2,225,000"
Jack Cochrane,LB,Chiefs,,UFA,8.60%,27,"$2,100,000","$1,200,000"
Braden Mann,P,Eagles,,Void,32.10%,29,"$2,100,000","$2,775,000"
Lucas Patrick,RG,Bengals,,UFA,2.10%,33,"$2,100,000","$200,000"
J.K. Dobbins,RB,Broncos,,UFA,29.80%,28,"$2,065,000","$2,065,000"
Kevin Givens,IDL,49ers,,UFA,10.70%,29,"$2,050,000","$2,050,000"
Trent Brown,RT,Texans,,UFA,41.30%,33,"$2,050,000",$0
Wan'Dale Robinson,WR,Giants,,UFA,84.60%,25,"$2,046,292","$5,791,409"
John Metchie III,WR,Jets,,RFA,42.40%,26,"$2,017,544","$5,626,046"
Justin Skule,LT,Vikings,,UFA,57.70%,30,"$2,000,000","$750,000"
Tavierre Thomas,CB,Vikings,,UFA,1.70%,30,"$2,000,000","$1,000,000"
Dennis Gardeck,EDGE,Jaguars,,UFA,38.60%,32,"$2,000,000","$1,500,000"
Joseph Noteboom,LT,Ravens,,UFA,14.90%,31,"$2,000,000","$2,000,000"
Damar Hamlin,S,Bills,,UFA,1.20%,28,"$2,000,000","$2,000,000"
Benito Jones,IDL,Dolphins,,UFA,24.40%,29,"$2,000,000","$1,900,000"
Reggie Gilliam,FB,Bills,,UFA,20.80%,29,"$2,000,000","$50,000"
Yosuah Nijman,LT,Panthers,,UFA,26.30%,30,"$2,000,000","$350,000"
Trey Lance,QB,Chargers,,UFA,8.70%,26,"$2,000,000","$1,500,000"
Rondale Moore,WR,Vikings,,UFA,0.00%,26,"$2,000,000","$250,000"
Corey Bojorquez,P,Browns,,UFA,29.50%,30,"$2,000,000","$2,750,000"
Josh Jobe,CB,Seahawks,,UFA,72.50%,28,"$2,000,000","$300,000"
Austin Johnson,IDL,Jaguars,,UFA,17.50%,32,"$2,000,000","$1,750,000"
Cole Holcomb,LB,Steelers,,UFA,17.00%,30,"$2,000,000",$0
Darren Waller,TE,Dolphins,,UFA,23.80%,34,"$2,000,000",$0
Hunter Renfrow,WR,Panthers,,SFA,19.80%,31,"$2,000,000","$830,000"
David Ojabo,EDGE,Ravens,,UFA,17.30%,26,"$1,977,281","$5,401,594"
Tristin McCollum,CB,Raiders,,ERFA,12.90%,27,"$1,945,000",$0
Josh Paschal,EDGE,Lions,,RFA,0.00%,27,"$1,933,915","$4,842,553"
Joshua Uche,EDGE,Eagles,,Void,21.70%,28,"$1,920,000","$1,250,000"
Nazeeh Johnson,S,Chiefs,,UFA,2.00%,28,"$1,900,000","$1,200,000"
Elijah Campbell,CB,Dolphins,,UFA,2.50%,31,"$1,900,000","$500,000"
Jonathan Owens,S,Bears,,UFA,4.40%,31,"$1,900,000","$1,000,000"
Blake Gillikin,K,Cardinals,,UFA,9.70%,28,"$1,850,000","$1,200,000"
Germaine Pratt,LB,Colts,,UFA,79.20%,30,"$1,846,154",$0
Jaquan Brisker,S,Bears,,UFA,99.90%,27,"$1,838,886","$4,273,827"
Naquan Jones,IDL,Texans,,UFA,17.70%,28,"$1,835,000","$250,000"
Alontae Taylor,CB,Saints,,UFA,96.20%,28,"$1,801,174","$4,157,266"
Luke Gifford,LB,49ers,,UFA,15.90%,31,"$1,800,000","$600,000"
Dare Ogunbowale,RB,Texans,,UFA,11.10%,32,"$1,800,000","$750,000"
Jaylinn Hawkins,S,Patriots,,UFA,81.90%,29,"$1,800,000","$650,000"
Braxton Berrios,WR,Texans,,UFA,5.20%,31,"$1,800,000","$300,000"
Jerry Tillery,IDL,Chiefs,,UFA,36.20%,30,"$1,790,000","$1,790,000"
Kenneth Gainwell,RB,Steelers,,UFA,50.10%,27,"$1,790,000","$620,000"
Kendrick Bourne,WR,49ers,,UFA,52.90%,31,"$1,765,000","$1,255,000"
Adoree' Jackson,CB,Eagles,,Void,52.10%,31,"$1,755,000","$1,000,000"
Ryan Wright,P,Vikings,,UFA,29.80%,26,"$1,750,000","$650,000"
Kylen Granson,TE,Eagles,,Void,23.10%,28,"$1,750,000","$1,000,000"
Travis Homer,RB,Bears,,UFA,0.50%,28,"$1,750,000","$1,000,000"
Will Hernandez,RG,Cardinals,,UFA,34.90%,31,"$1,750,000","$790,000"
Jerome Ford,RB,Browns,,UFA,24.80%,27,"$1,750,000","$1,750,000"
Grant Stuard,LB,Lions,,UFA,3.40%,28,"$1,700,000","$1,700,000"
Del'Shawn Phillips,LB,Chargers,,UFA,8.10%,30,"$1,700,000","$400,000"
George Pickens,WR,Cowboys,,UFA,81.60%,25,"$1,688,047","$3,867,506"
Lonnie Johnson Jr.,S,Raiders,,UFA,28.50%,31,"$1,685,000","$175,000"
Van Jefferson,WR,Titans,,UFA,55.20%,30,"$1,670,000","$1,170,000"
Danny Pinter,RG,Colts,,UFA,12.90%,30,"$1,667,500","$750,000"
Alec Pierce,WR,Colts,,UFA,75.80%,26,"$1,650,336","$3,691,037"
James Winchester,LS,Chiefs,,UFA,30.60%,37,"$1,650,000","$1,650,000"
Isaiahh Loudermilk,EDGE,Steelers,,UFA,3.20%,29,"$1,627,500","$167,500"
Skyy Moore,WR,49ers,,UFA,9.80%,26,"$1,612,627","$3,574,481"
Kris Boyd,CB,Jets,,UFA,0.00%,30,"$1,600,000","$330,000"
Sam Martin,P,Panthers,,UFA,29.10%,36,"$1,600,000","$1,600,000"
Raheem Mostert,RB,Raiders,,UFA,13.80%,34,"$1,600,000","$175,000"
Rasul Douglas,CB,Dolphins,,UFA,79.40%,32,"$1,572,500",$0
Charlie Heck,RT,Buccaneers,,UFA,41.70%,30,"$1,570,000","$400,000"
Sam Williams,EDGE,Cowboys,,UFA,42.80%,27,"$1,556,064","$3,399,649"
Cameron Lewis,CB,Bills,,UFA,38.00%,29,"$1,550,000","$1,125,000"
Troy Andersen,LB,Falcons,,UFA,0.00%,27,"$1,525,894","$3,306,399"
Ian Thomas,TE,Raiders,,UFA,32.00%,30,"$1,524,500","$567,500"
Marco Wilson,CB,Bengals,,UFA,2.00%,27,"$1,520,000","$150,000"
Olamide Zaccheaus,WR,Bears,,UFA,50.30%,29,"$1,500,000","$750,000"
Noah Igbinoghene,CB,Commanders,,UFA,32.70%,27,"$1,500,000","$500,000"
Daniel Thomas,S,Lions,,UFA,10.00%,28,"$1,500,000","$75,000"
Kene Nwangwu,RB,Jets,,UFA,2.70%,28,"$1,500,000","$550,000"
Dee Alford,CB,Falcons,,UFA,52.70%,29,"$1,500,000","$230,000"
Jack Sanborn,LB,Cowboys,,UFA,20.80%,26,"$1,500,000","$150,000"
Sterling Shepard,WR,Buccaneers,,UFA,43.70%,33,"$1,500,000","$500,000"
John FitzPatrick,TE,Packers,,UFA,31.90%,26,"$1,500,000","$125,000"
Dawuane Smoot,EDGE,Jaguars,,UFA,41.10%,31,"$1,500,000","$1,500,000"
Kareem Hunt,RB,Chiefs,,UFA,47.50%,31,"$1,500,000","$850,000"
Luke Fortner,C,Saints,,UFA,60.30%,28,"$1,500,000","$300,000"
Ed Ingram,RG,Texans,,UFA,80.10%,27,"$1,499,494","$3,224,799"
Cam Taylor-Britt,CB,Bengals,,UFA,32.00%,27,"$1,488,183","$3,189,835"
Bryan Cook,S,Chiefs,,UFA,82.40%,27,"$1,461,786","$3,108,247"
Feleipe Franks,TE,Falcons,,UFA,1.40%,29,"$1,440,000","$200,000"
Kendall Lamm,RT,Dolphins,,UFA,0.70%,34,"$1,425,000",$0
Elijah Wilkinson,LG,Falcons,,UFA,100.00%,31,"$1,422,500","$167,500"
David Moore,WR,Panthers,,UFA,7.60%,31,"$1,422,500","$563,500"
Jerome Baker,LB,Browns,,UFA,24.70%,30,"$1,422,500","$717,500"
JuJu Smith-Schuster,WR,Chiefs,,UFA,55.70%,30,"$1,422,500","$1,197,500"
Derrick Nnadi,IDL,Chiefs,,UFA,29.60%,30,"$1,422,500","$417,500"
Rayshawn Jenkins,S,Browns,,UFA,26.30%,32,"$1,422,500","$1,167,500"
Avonte Maddox,CB,Lions,,UFA,31.00%,30,"$1,422,500","$1,197,500"
Josh Johnson,QB,Commanders,,UFA,13.10%,40,"$1,422,500","$40,000"
Morgan Cox,LS,Titans,,UFA,28.20%,40,"$1,422,500","$1,197,500"
J.J. Jansen,LS,Panthers,,UFA,28.60%,40,"$1,422,500","$1,197,500"
Will Clapp,C,Saints,,UFA,0.00%,31,"$1,422,500","$167,500"
Jon Weeks,LS,49ers,,UFA,29.20%,40,"$1,422,500","$200,000"
Casey Kreiter,LS,Giants,,UFA,26.90%,36,"$1,422,500","$1,197,500"
Chuck Clark,S,Steelers,,UFA,37.50%,31,"$1,422,500",$0
Brandon Allen,QB,Titans,,UFA,4.60%,34,"$1,422,500","$1,000,000"
Chris Manhertz,TE,Giants,,UFA,18.10%,34,"$1,422,500","$567,500"
Jonathan Bullard,IDL,Saints,,UFA,29.70%,33,"$1,422,500","$167,500"
Andrus Peat,LT,Steelers,,UFA,14.50%,33,"$1,422,500","$167,500"
Trenton Scott,RT,Commanders,,UFA,7.80%,32,"$1,422,500","$415,000"
Johnny Hekker,P,Titans,,UFA,28.80%,36,"$1,422,500","$1,197,500"
Carson Wentz,QB,Vikings,,UFA,30.00%,34,"$1,422,500","$167,500"
DeAndre Carter,WR,Browns,,UFA,0.00%,33,"$1,422,500","$767,500"
Michael Burton,FB,Broncos,,UFA,0.00%,34,"$1,422,500","$125,000"
Joe Cardona,LS,Dolphins,,UFA,29.50%,34,"$1,422,500","$483,750"
Al-Quadin Muhammad,EDGE,Lions,,UFA,41.40%,31,"$1,422,500","$917,500"
Jihad Ward,EDGE,Titans,,UFA,66.70%,32,"$1,405,000","$500,000"
Kayode Awosika,RT,Lions,,UFA,26.00%,28,"$1,400,000","$300,000"
Josh Harris,LS,Chargers,,UFA,16.00%,37,"$1,400,000","$1,920,000"
Austin Schlottmann,C,Giants,,UFA,31.50%,31,"$1,397,500","$500,000"
Joshua Ezeudu,LT,Giants,,UFA,0.00%,27,"$1,371,381","$1,169,472"
Martin Emerson,CB,Browns,,UFA,0.00%,26,"$1,367,823","$1,159,120"
Matt Pryor,RG,Eagles,,Void,11.60%,32,"$1,355,000","$700,000"
Artie Burns,CB,Dolphins,,UFA,0.00%,31,"$1,355,000",$0
Stone Smartt,TE,Jets,,UFA,8.10%,28,"$1,350,000","$250,000"
Andrew DePaola,LS,Vikings,,UFA,29.80%,39,"$1,341,666","$1,515,000"
Jeremy McNichols,RB,Commanders,,UFA,32.00%,31,"$1,337,500","$492,500"
Andrew Beck,TE,Jets,,UFA,10.50%,30,"$1,337,500","$167,500"
Neville Gallimore,IDL,Colts,,UFA,40.20%,29,"$1,337,500","$400,000"
Aaron Stinnie,LG,Giants,,UFA,5.20%,32,"$1,337,500","$475,000"
Miles Sanders,RB,Cowboys,,UFA,5.50%,29,"$1,337,500","$1,197,500"
Fred Johnson,RG,Eagles,,UFA,59.40%,29,"$1,337,500","$1,142,500"
K.J. Britt,LB,Dolphins,,UFA,14.80%,27,"$1,337,500","$1,197,500"
Nick Scott,S,Panthers,,UFA,97.90%,31,"$1,337,500",$0
Victor Dimukeje,EDGE,Giants,,UFA,1.40%,27,"$1,337,500","$167,500"
Ben Bartch,LT,49ers,,UFA,17.80%,28,"$1,337,500","$1,172,500"
Alexander Mattison,RB,Dolphins,,UFA,0.00%,28,"$1,337,500","$1,197,500"
Kindle Vildor,CB,Buccaneers,,UFA,15.80%,29,"$1,337,500","$1,197,500"
Scott Miller,WR,Steelers,,UFA,15.30%,29,"$1,337,500",$0
A.J. Dillon,RB,Eagles,,UFA,4.70%,28,"$1,337,500","$167,500"
"Willie Gay, Jr.",LB,Dolphins,,UFA,13.10%,28,"$1,337,500","$1,197,500"
Dalton Risner,LG,Bengals,,UFA,69.10%,31,"$1,337,500","$167,500"
Chukwuma Okorafor,RT,Jets,,UFA,0.00%,29,"$1,337,500","$757,500"
Demetrius Flannigan-Fowles,S,Giants,,UFA,16.00%,30,"$1,337,500","$442,500"
Christian Harris,LB,Texans,,UFA,8.90%,25,"$1,337,065","$1,069,640"
David Quessenberry,RT,Rams,,UFA,1.60%,36,"$1,330,000","$1,304,500"
Nick McCloud,CB,Bears,,UFA,40.60%,28,"$1,320,000","$50,000"
Blake Hance,RT,Titans,,UFA,8.40%,30,"$1,320,000","$525,000"
Cordale Flott,CB,Giants,,UFA,66.50%,25,"$1,310,461","$992,248"
DeAngelo Malone,EDGE,Falcons,,UFA,1.70%,27,"$1,307,395","$983,332"
Nakobe Dean,LB,Eagles,,UFA,35.80%,26,"$1,301,161","$965,192"
Jack Gibbens,LB,Patriots,,RFA,45.20%,28,"$1,300,000","$300,000"
Joey Slye,K,Titans,,UFA,27.50%,30,"$1,295,000","$25,000"
Malik Willis,QB,Packers,,UFA,9.30%,27,"$1,290,025","$932,800"
Shy Tuttle,IDL,Commanders,,UFA,16.50%,31,"$1,287,500","$50,000"
Cameron Thomas,EDGE,Browns,,UFA,29.40%,26,"$1,286,085","$921,336"
Jalen Tolbert,WR,Cowboys,,UFA,39.10%,27,"$1,283,930","$915,068"
Dylan Parham,LG,Raiders,,UFA,84.80%,27,"$1,282,858","$911,948"
Rachaad White,RB,Buccaneers,,UFA,50.60%,27,"$1,282,500","$910,908"
Sean Rhyan,LT,Packers,,UFA,76.90%,26,"$1,280,714","$905,712"
Ugochukwu Amadi,CB,Saints,,UFA,0.10%,29,"$1,280,000","$110,000"
Jacob Bobenmoyer,LS,Raiders,,UFA,28.30%,29,"$1,271,667","$1,000,000"
D'Wayne Eskridge,WR,Dolphins,,UFA,9.00%,29,"$1,270,000",$0
Jack Stoll,TE,Saints,,UFA,18.60%,28,"$1,270,000","$100,000"
Kyle Allen,QB,Lions,,UFA,1.50%,30,"$1,270,000","$100,000"
Cameron Sample,EDGE,Bengals,,UFA,21.50%,27,"$1,267,500","$100,000"
Nick Cross,S,Colts,,UFA,95.50%,25,"$1,266,409","$864,100"
Leo Chenal,LB,Chiefs,,UFA,42.30%,26,"$1,261,226","$849,020"
Brian Robinson Jr.,RB,49ers,,UFA,20.50%,27,"$1,261,226","$849,020"
Matt Prater,K,Bills,,UFA,35.50%,42,"$1,255,000",$0
Aaron Brewer,LS,Cardinals,,UFA,28.90%,36,"$1,255,000",$0
Philip Rivers,QB,Colts,,UFA,16.00%,45,"$1,255,000",$0
Eric Kendricks,LB,49ers,,UFA,4.20%,34,"$1,255,000",$0
Jabrill Peppers,S,Steelers,,UFA,8.60%,31,"$1,255,000",$0
Laquon Treadwell,WR,Colts,,UFA,3.40%,31,"$1,255,000",$0
J.T. Gray,S,Buccaneers,,UFA,0.00%,30,"$1,255,000",$0
Pharaoh Brown,TE,Cardinals,,UFA,5.20%,32,"$1,255,000",$0
Jordan Poyer,S,Bills,,UFA,43.60%,35,"$1,255,000",$0
Matt Haack,P,Cardinals,,UFA,11.90%,32,"$1,255,000",$0
Robert Tonyan,TE,Chiefs,,UFA,11.90%,32,"$1,255,000",$0
Mike Pennel,IDL,Chiefs,,UFA,29.00%,35,"$1,255,000",$0
Preston Smith,EDGE,Commanders,,UFA,24.90%,34,"$1,255,000",$0
Terrell Edmunds,S,Raiders,,UFA,0.10%,29,"$1,255,000",$0
Jake McQuaide,LS,Rams,,UFA,17.30%,39,"$1,255,000",$0
Taven Bryan,IDL,Ravens,,UFA,8.60%,30,"$1,255,000",$0
Deon Bush,S,Chiefs,,UFA,0.00%,33,"$1,255,000",$0
Tony Jefferson,S,Chargers,,UFA,48.30%,34,"$1,255,000",$0
Shaq Thompson,LB,Bills,,UFA,42.50%,32,"$1,255,000",$0
Geron Christian,LT,Broncos,,SFA,0.00%,30,"$1,255,000",$0
Arthur Maulet,CB,Lions,,UFA,9.60%,33,"$1,255,000",$0
Ronnie Harrison,S,Falcons,,UFA,25.10%,29,"$1,255,000",$0
Chris Moore,WR,Commanders,,UFA,40.70%,33,"$1,255,000",$0
Germain Ifedi,RT,Dolphins,,UFA,0.00%,32,"$1,255,000",$0
Tre Flowers,CB,Steelers,,SFA,1.10%,31,"$1,255,000",$0
Ogbonnia Okoronkwo,EDGE,Eagles,,UFA,0.40%,31,"$1,255,000","$315,000"
Marquez Valdes-Scantling,WR,Steelers,,UFA,31.80%,32,"$1,255,000",$0
George Odum,S,Colts,,UFA,0.00%,33,"$1,255,000",$0
Deion Jones,LB,Buccaneers,,UFA,11.50%,32,"$1,255,000",$0
Sheldon Day,IDL,Commanders,,UFA,17.80%,32,"$1,255,000",$0
Nick Vannett,TE,Rams,,UFA,5.20%,33,"$1,255,000",$0
C.J. Goodwin,CB,Cowboys,,UFA,0.00%,36,"$1,255,000",$0
Zeke Turner,LB,Lions,,UFA,0.00%,30,"$1,255,000",$0
Tanner Hudson,TE,Bengals,,UFA,13.30%,32,"$1,255,000",$0
Jalen Mills,CB,Lions,,UFA,10.50%,32,"$1,255,000",$0
Jeff Driskel,QB,Commanders,,UFA,0.00%,33,"$1,255,000",$0
Michael Davis,CB,Saints,,UFA,2.00%,31,"$1,255,000",$0
Bobby Hart,RT,Chargers,,UFA,45.10%,32,"$1,255,000",$0
Dan Feeney,LG,Buccaneers,,UFA,58.80%,32,"$1,255,000",$0
Marcedes Lewis,TE,Broncos,,SFA,7.10%,42,"$1,255,000",$0
Antonio Hamilton,CB,Commanders,,UFA,10.10%,33,"$1,255,000",$0
Jordan Phillips,IDL,Bills,,UFA,18.90%,34,"$1,255,000",$0
Brent Urban,IDL,Ravens,,UFA,26.00%,35,"$1,255,000",$0
Chidobe Awuzie,CB,Ravens,,UFA,49.10%,31,"$1,255,000","$1,255,000"
Chris Wormley,IDL,Colts,,UFA,7.10%,33,"$1,255,000",$0
Fabian Moreau,CB,Vikings,,UFA,18.50%,32,"$1,255,000",$0
Ameer Abdullah,RB,Colts,,UFA,8.00%,33,"$1,255,000",$0
Eddie Goldman,IDL,Commanders,,UFA,28.10%,32,"$1,255,000","$315,000"
Jamal Adams,LB,Raiders,,UFA,39.80%,31,"$1,255,000",$0
Tyler Lockett,WR,Raiders,,UFA,49.00%,34,"$1,255,000",$0
George Fant,LT,Commanders,,UFA,0.00%,34,"$1,255,000",$0
Jalen Reeves-Maybin,LB,Bears,,UFA,0.00%,31,"$1,255,000",$0
Zach Cunningham,LB,Lions,,UFA,1.30%,32,"$1,255,000",$0
Teddy Bridgewater,QB,Buccaneers,,UFA,3.10%,34,"$1,255,000",$0
Brandin Cooks,WR,Bills,,UFA,47.70%,33,"$1,255,000",$0
Anthony Walker Jr.,LB,Buccaneers,,UFA,0.10%,31,"$1,255,000",$0
Marcus Maye,S,Chargers,,SFA,2.10%,33,"$1,255,000",$0
Corey Levin,C,Titans,,UFA,18.50%,32,"$1,255,000",$0
Thomas Morstead,P,49ers,,UFA,29.90%,40,"$1,255,000","$1,030,000"
Neville Hewitt,LB,Giants,,UFA,0.50%,33,"$1,255,000",$0
Ahkello Witherspoon,CB,Rams,,UFA,15.40%,31,"$1,255,000","$1,255,000"
Trystan Colon,C,Lions,,UFA,16.70%,28,"$1,220,000","$50,000"
Jonah Williams,IDL,Saints,,UFA,29.00%,31,"$1,220,000","$50,000"
Jaylon Jones,CB,Bears,,UFA,3.60%,29,"$1,200,000","$50,000"
Jake Hummel,LB,Ravens,,UFA,2.90%,27,"$1,200,000","$100,000"
Darnay Holmes,CB,Raiders,,UFA,15.40%,28,"$1,195,000","$25,000"
Terrell Burgess,S,Saints,,UFA,10.50%,28,"$1,183,778","$13,778"
John Wolford,QB,Vikings,,UFA,0.00%,31,"$1,170,000",$0
Sam Ehlinger,QB,Broncos,,UFA,0.00%,28,"$1,170,000",$0
Khalil Herbert,RB,Jets,,UFA,4.80%,28,"$1,170,000",$0
Clelin Ferrell,EDGE,49ers,,UFA,23.20%,29,"$1,170,000",$0
Josh Woods,LB,Falcons,,UFA,1.50%,30,"$1,170,000",$0
Chris Lammons,CB,Colts,,UFA,11.40%,30,"$1,170,000",$0
Devin White,LB,Raiders,,UFA,94.20%,28,"$1,170,000",$0
Rock Ya-Sin,CB,Lions,,UFA,55.30%,30,"$1,170,000",$0
Stone Forsythe,LT,Raiders,,UFA,70.90%,29,"$1,170,000",$0
Darnell Savage Jr.,S,Bills,,UFA,24.20%,29,"$1,170,000",$0
Dante Pettis,WR,Saints,,UFA,10.10%,31,"$1,170,000",$0
Curtis Robinson,LB,49ers,,UFA,22.90%,28,"$1,170,000",$0
Chase Edmonds,RB,Commanders,,UFA,0.10%,30,"$1,170,000",$0
Trent Taylor,WR,49ers,,UFA,0.00%,32,"$1,170,000",$0
Zane Gonzalez,K,Falcons,,UFA,17.70%,31,"$1,170,000",$0
Daniel Brunskill,RG,Dolphins,,UFA,17.90%,32,"$1,170,000",$0
Anthony Firkser,TE,Lions,,UFA,17.00%,31,"$1,170,000",$0
Dan Skipper,LT,Lions,,UFA,20.70%,32,"$1,170,000",$0
Scott Daly,LS,Bears,,UFA,31.40%,32,"$1,170,000",$0
Jalyn Holmes,IDL,Commanders,,UFA,22.00%,30,"$1,170,000",$0
Kentavius Street,EDGE,Falcons,,UFA,19.60%,30,"$1,170,000",$0
Cedrick Wilson Jr.,WR,Dolphins,,UFA,20.80%,31,"$1,170,000",$0
Adam Prentice,FB,Broncos,,UFA,18.50%,29,"$1,170,000",$0
Jake Curhan,RT,Panthers,,UFA,14.90%,28,"$1,170,000",$0
Jon Rhattigan,LB,Raiders,,UFA,0.00%,27,"$1,170,000",$0
Matt Dickerson,IDL,Jaguars,,UFA,17.90%,31,"$1,170,000",$0
Riley Patterson,K,Dolphins,,UFA,32.90%,28,"$1,170,000",$0
Caleb Johnson,LB,Dolphins,,UFA,0.00%,28,"$1,170,000",$0
Jalen Davis,CB,Bengals,,UFA,24.80%,30,"$1,170,000",$0
Eddy Pineiro,K,49ers,,UFA,34.00%,31,"$1,170,000",$0
Zayne Anderson,S,Packers,,RFA,2.00%,29,"$1,170,000",$0
Max Scharping,RG,Steelers,,UFA,0.00%,30,"$1,170,000",$0
Khalid Kareem,EDGE,Falcons,,UFA,6.40%,28,"$1,170,000",$0
Nick Niemann,LB,Packers,,UFA,0.00%,29,"$1,170,000",$0
Josiah Deguara,TE,Cardinals,,UFA,7.40%,29,"$1,170,000",$0
Simi Fehoko,WR,Cardinals,,UFA,3.30%,29,"$1,170,000",$0
Donald Parham,TE,Steelers,,UFA,0.00%,29,"$1,170,000",$0
Lil'Jordan Humphrey,WR,Broncos,,UFA,28.70%,28,"$1,170,000",$0
Troy Reeder,LB,Rams,,UFA,7.20%,32,"$1,170,000",$0
D'Ernest Johnson,RB,Patriots,,UFA,4.10%,30,"$1,170,000",$0
Gunner Olszewski,WR,Giants,,UFA,10.30%,30,"$1,170,000",$0
Joe Bachie,LB,Titans,,UFA,13.40%,28,"$1,170,000",$0
Isaiah Simmons,LB,Panthers,,UFA,0.10%,28,"$1,170,000",$0
Kristian Welch,LB,Packers,,UFA,0.20%,28,"$1,170,000",$0
Tyler Huntley,QB,Ravens,,UFA,19.40%,28,"$1,170,000",$0
Devin Duvernay,WR,Bears,,UFA,3.50%,29,"$1,170,000",$0
Myles Bryant,CB,Texans,,UFA,33.00%,28,"$1,170,000",$0
Sam Franklin,S,Bills,,UFA,0.60%,30,"$1,170,000",$0
Andre James,C,Chargers,,UFA,7.30%,29,"$1,170,000",$0
Salvon Ahmed,RB,Colts,,UFA,0.00%,28,"$1,170,000",$0
Patrick Taylor,RB,49ers,,UFA,0.00%,28,"$1,170,000","$300,000"
Krys Barnes,LB,Panthers,,UFA,13.50%,28,"$1,170,000",$0
James Pierre,CB,Steelers,,UFA,32.30%,30,"$1,170,000",$0
Harrison Bryant,TE,Texans,,UFA,14.90%,28,"$1,170,000",$0
James Proche,WR,Titans,,UFA,16.30%,30,"$1,170,000",$0
Mykal Walker,LB,Jets,,UFA,17.20%,29,"$1,170,000",$0
Hakeem Adeniji,LT,Cowboys,,UFA,6.40%,29,"$1,170,000",$0
Gabriel Davis,WR,Bills,,UFA,21.00%,27,"$1,170,000",$0
James Lynch,IDL,Titans,,UFA,31.50%,27,"$1,170,000",$0
Tyler Johnson,WR,Jets,,UFA,27.90%,28,"$1,170,000",$0
DeeJay Dallas,RB,Jaguars,,UFA,2.40%,28,"$1,170,000",$0
Trevis Gipson,EDGE,Panthers,,UFA,22.90%,29,"$1,170,000",$0
Asante Samuel Jr.,CB,Steelers,,UFA,19.10%,27,"$1,170,000",$0
Matt Nelson,LT,Vikings,,UFA,0.00%,31,"$1,170,000",$0
Sam Mustipher,C,Broncos,,UFA,0.40%,30,"$1,170,000",$0
Marcus Epps,S,Eagles,,UFA,22.20%,30,"$1,170,000",$0
Khalen Saunders,IDL,Jets,,UFA,14.80%,30,"$1,170,000",$0
Mike Edwards,S,Chiefs,,UFA,11.40%,30,"$1,170,000",$0
"Chauncey Gardner-Johnson, Jr.",S,Bears,,UFA,72.10%,29,"$1,170,000",$0
Mitch Wishnowsky,P,Bills,,UFA,21.40%,34,"$1,170,000",$0
Robert Rochell,CB,Panthers,,UFA,0.00%,28,"$1,170,000",$0
Michael Jordan,LG,Buccaneers,,UFA,63.20%,28,"$1,170,000",$0
Easton Stick,QB,Falcons,,UFA,0.00%,31,"$1,170,000",$0
Gardner Minshew,QB,Chiefs,,UFA,3.70%,30,"$1,170,000",$0
Michael Carter,RB,Cardinals,,UFA,34.60%,27,"$1,170,000",$0
Jay Tufele,IDL,Jets,,UFA,20.40%,27,"$1,170,000",$0
Corey Ballentine,CB,Cowboys,,UFA,2.10%,30,"$1,170,000",$0
Trayveon Williams,RB,Browns,,UFA,7.30%,29,"$1,170,000",$0
Jack Driscoll,RT,Steelers,,UFA,0.00%,29,"$1,170,000",$0
Brett Rypien,QB,Vikings,,UFA,0.30%,30,"$1,170,000",$0
Olisaemeka Udoh,LT,Titans,,UFA,32.30%,29,"$1,170,000",$0
Chazz Surratt,LB,Seahawks,,UFA,0.60%,29,"$1,150,000",$0
Matt Hennessy,C,49ers,,UFA,15.40%,29,"$1,150,000","$390,000"
Brett Toth,LT,Eagles,,UFA,34.40%,30,"$1,147,500",$0
Cade Otton,TE,Buccaneers,,UFA,87.60%,27,"$1,130,985","$833,940"
Coby Bryant,CB,Seahawks,,UFA,81.00%,27,"$1,116,952","$807,808"
Daniel Faalele,RG,Ravens,,UFA,99.60%,27,"$1,115,085","$800,340"
Max Mitchell,LG,Jets,,UFA,6.90%,27,"$1,114,007","$796,028"
Daniel Bellinger,TE,Giants,,UFA,48.30%,26,"$1,113,278","$793,112"
Dane Belton,S,Giants,,UFA,63.20%,26,"$1,111,123","$784,492"
Micheal Clemons,EDGE,Jets,,UFA,51.20%,29,"$1,106,024","$764,096"
Akayleb Evans,CB,Panthers,,UFA,4.80%,27,"$1,105,269","$761,076"
Jalyn Armour-Davis,CB,Titans,,UFA,48.00%,27,"$1,105,081","$760,324"
Zamir White,RB,Raiders,,UFA,6.20%,27,"$1,100,981","$743,924"
Teagan Quitoriano,TE,Falcons,,UFA,12.10%,26,"$1,100,000",$0
Xavier Newman-Johnson,RG,Jets,,RFA,3.00%,27,"$1,100,000",$0
D'Anthony Bell,S,Panthers,,UFA,8.50%,30,"$1,100,000",$0
Sam Roberts,IDL,Falcons,,RFA,9.20%,28,"$1,100,000",$0
Ronnie Rivers,RB,Rams,,UFA,1.70%,27,"$1,100,000",$0
Matt Henningsen,IDL,Broncos,,RFA,0.00%,27,"$1,100,000",$0
Damarri Mathis,CB,Panthers,,UFA,0.00%,27,"$1,100,000","$500,000"
Julius Chestnut,RB,Titans,,UFA,3.80%,26,"$1,100,000",$0
Dameon Pierce,RB,Chiefs,,UFA,2.40%,26,"$1,100,000",$0
Baylon Spector,LB,Bills,,RFA,0.30%,28,"$1,100,000",$0
Channing Tindall,LB,Cardinals,,UFA,0.30%,26,"$1,100,000",$0
Darrell Baker Jr.,CB,Titans,,RFA,68.20%,28,"$1,100,000",$0
Thayer Munford,RT,Patriots,,UFA,9.10%,27,"$1,100,000",$0
Brock Hoffman,RG,Cowboys,,RFA,40.00%,27,"$1,100,000",$0
Mike Brown,S,Titans,,RFA,2.80%,27,"$1,100,000",$0
Rodney Thomas,CB,Colts,,UFA,12.90%,28,"$1,100,000",$0
Jack Jones,CB,Dolphins,,UFA,91.50%,29,"$1,100,000",$0
Tre Avery,CB,Browns,,UFA,4.00%,29,"$1,100,000",$0
J.J. Russell,LB,Cardinals,,UFA,0.00%,28,"$1,100,000",$0
Elijah Garcia,IDL,Falcons,,ERFA,8.00%,28,"$1,100,000",$0
Sam Webb,CB,Browns,,RFA,13.00%,28,"$1,100,000",$0
Skylar Thompson,QB,Steelers,,UFA,0.00%,29,"$1,100,000",$0
Brian Asamoah,LB,Bengals,,UFA,0.00%,26,"$1,100,000",$0
Chris Rumph II,EDGE,Saints,,UFA,30.00%,28,"$1,100,000",$0
Kemon Hall,CB,Titans,,RFA,6.20%,29,"$1,100,000",$0
Jacob Phillips,LB,Colts,,UFA,0.00%,27,"$1,100,000",$0
Cole Christiansen,LB,Chiefs,,RFA,2.20%,29,"$1,100,000",$0
Tarron Jackson,EDGE,49ers,,RFA,0.00%,28,"$1,100,000",$0
Garret Wallow,LB,49ers,,UFA,4.20%,27,"$1,100,000",$0
A.J. Green,CB,Dolphins,,UFA,0.70%,28,"$1,100,000",$0
Tom Kennedy,WR,Lions,,RFA,4.40%,30,"$1,100,000",$0
Keith Taylor,CB,Jaguars,,RFA,5.90%,27,"$1,100,000",$0
David Sills,WR,Falcons,,RFA,51.60%,31,"$1,100,000",$0
Quintin Morris,TE,Jaguars,,UFA,18.60%,27,"$1,100,000",$0
Tyree Jackson,TE,Commanders,,RFA,0.00%,29,"$1,100,000",$0
Joe Giles-Harris,LB,Bengals,Bengals,Signed,2.90%,29,"$1,235,000",$0
Janarius Robinson,EDGE,Chiefs,,UFA,0.00%,28,"$1,100,000",$0
D'Angelo Ross,CB,Browns,,UFA,3.90%,30,"$1,100,000",$0
Quinton Bell,EDGE,Dolphins,,UFA,10.60%,30,"$1,100,000",$0
Nahshon Wright,CB,Bears,,UFA,97.00%,28,"$1,100,000",$0
Darren Hall,CB,Cardinals,,UFA,12.90%,26,"$1,100,000",$0
Isaiah Hodgins,WR,Giants,,UFA,31.60%,28,"$1,100,000",$0
Lucas Niang,RT,Commanders,,UFA,0.00%,28,"$1,100,000",$0
Tyquan Thornton,WR,Chiefs,,UFA,33.10%,26,"$1,100,000",$0
Cole Strange,LG,Dolphins,,UFA,82.20%,28,"$1,100,000",$0
Kaiir Elam,CB,Titans,,UFA,49.00%,25,"$1,100,000",$0
Phidarian Mathis,IDL,Bills,,UFA,12.20%,28,"$1,100,000",$0
Treylon Burks,WR,Commanders,,UFA,27.70%,26,"$1,100,000",$0
Jamarco Jones,LT,Lions,,UFA,0.00%,30,"$1,100,000",$0
Drake Jackson,EDGE,Commanders,,UFA,5.40%,25,"$1,100,000",$0
Shane Zylstra,TE,Lions,,UFA,14.90%,30,"$1,100,000",$0
Sam Kamara,IDL,Browns,,RFA,9.10%,29,"$1,100,000",$0
Darian Kinnard,RT,Packers,,RFA,27.10%,27,"$1,097,500","$300,000"
Charlie Kolar,TE,Ravens,,UFA,39.60%,27,"$1,091,220","$704,880"
Jordan Stout,P,Ravens,,UFA,29.50%,28,"$1,089,458","$697,832"
Hassan Haskins,RB,Chargers,,UFA,7.30%,27,"$1,088,052","$692,208"
Clayton Tune,QB,Packers,,SFA,5.60%,27,"$1,087,500",$0
Romeo Doubs,WR,Packers,,UFA,74.20%,26,"$1,085,979","$683,916"
Joshua Williams,CB,Chiefs,,UFA,4.00%,27,"$1,081,565","$666,260"
Ben VanSumeren,LB,Eagles,,RFA,0.00%,26,"$1,055,000",$0
Corliss Waitman,P,Steelers,,RFA,28.20%,31,"$1,042,500",$0
Calvin Austin III,WR,Steelers,,UFA,43.30%,27,"$1,041,084","$504,336"
Isaiah Likely,TE,Ravens,,UFA,48.00%,26,"$1,041,084","$504,336"
Cobie Durant,CB,Rams,,UFA,73.00%,28,"$1,041,084","$504,336"
Chigoziem Okonkwo,TE,Titans,,UFA,63.10%,27,"$1,041,084","$504,336"
Jovaughn Gwyn,LG,Falcons,,RFA,1.00%,27,"$1,030,000",$0
Arron Mosby,EDGE,Packers,,RFA,1.50%,27,"$1,030,000",$0
Daniel Hardy,EDGE,Bears,,RFA,5.00%,28,"$1,030,000",$0
D.J. Montgomery,WR,Colts,,RFA,0.00%,30,"$1,030,000",$0
Chase Lucas,CB,49ers,,RFA,9.00%,29,"$1,030,000",$0
Keir Thomas,EDGE,Rams,,RFA,0.00%,28,"$1,030,000",$0
Alex Austin,CB,Patriots,,RFA,14.10%,25,"$1,030,000",$0
Jerrick Reed,S,Titans,,RFA,6.90%,26,"$1,030,000",$0
Josh Whyle,TE,Packers,,RFA,16.70%,27,"$1,030,000",$0
Jeremiah Moon,EDGE,Steelers,,RFA,1.50%,28,"$1,030,000",$0
Cameron Mitchell,CB,Colts,,RFA,22.70%,25,"$1,030,000",$0
Christian Braswell,CB,Jaguars,,ERFA,14.50%,27,"$1,030,000",$0
Ja'Quan McMillian,CB,Broncos,,RFA,66.00%,26,"$1,030,000",$0
Jake Tonges,TE,49ers,,RFA,35.50%,27,"$1,030,000",$0
LaBryan Ray,IDL,Panthers,,RFA,14.90%,29,"$1,030,000",$0
Juanyeh Thomas,S,Cowboys,,ERFA,24.00%,26,"$1,030,000",$0
Tomon Fox,EDGE,Giants,,RFA,6.70%,28,"$1,030,000",$0
Tyler Goodson,RB,Colts,,RFA,3.30%,26,"$1,030,000",$0
Jake Moody,K,Commanders,,RFA,18.80%,27,"$1,030,000",$0
Tucker Fisk,TE,Chargers,,RFA,20.40%,27,"$1,030,000",$0
Isaiah Foskey,EDGE,Bengals,Bengals,Signed,3.10%,26,"$1,145,000",$0
Yasir Durant,LT,Patriots,,RFA,0.00%,28,"$1,030,000",$0
Irvin Charles,WR,Jets,,RFA,0.00%,29,"$1,030,000",$0
Hendon Hooker,QB,Jets,,ERFA,0.00%,28,"$1,030,000",$0
Cody White,WR,Seahawks,,RFA,15.30%,28,"$1,030,000",$0
Robert Beal Jr.,EDGE,49ers,,RFA,9.60%,27,"$1,030,000",$0
Mike Caliendo,LG,Chiefs,,RFA,37.90%,29,"$1,030,000",$0
Jonathan Ford,IDL,Packers,,RFA,11.60%,28,"$1,030,000",$0
Sam Okuayinonu,EDGE,49ers,,RFA,53.00%,28,"$1,030,000",$0
Ryan Van Demark,RT,Bills,,RFA,27.60%,28,"$1,030,000","$9,000"
Alec Anderson,RT,Bills,,RFA,16.70%,27,"$1,030,000",$0
Zaire Barnes,LB,Giants,,RFA,8.30%,27,"$1,030,000",$0
Chris Rodriguez Jr.,RB,Commanders,,RFA,24.20%,27,"$1,030,000",$0
Segun Olubi,LB,Colts,,RFA,0.50%,27,"$1,030,000",$0
Nick Hampton,EDGE,Rams,,RFA,10.00%,26,"$1,030,000",$0
Lucas Krull,TE,Broncos,,RFA,4.60%,28,"$1,030,000",$0
Zonovan Knight,RB,Cardinals,,RFA,24.90%,25,"$1,030,000",$0
Alex Bachman,WR,Raiders,,UFA,4.90%,30,"$1,030,000",$0
Greg Dulcich,TE,Dolphins,,UFA,24.90%,26,"$1,030,000",$0
Cameron Goode,EDGE,Dolphins,,RFA,11.10%,28,"$1,030,000",$0
Blake Grupe,K,Colts,,UFA,30.40%,28,"$1,030,000",$0
Matthew Butler,IDL,Dolphins,,RFA,20.10%,27,"$1,030,000",$0
Yodny Cajuste,LT,Dolphins,,UFA,0.00%,30,"$1,030,000",$0
Emanuel Wilson,RB,Packers,,RFA,31.00%,27,"$1,030,000",$0
Caleb Murphy,EDGE,Giants,,RFA,13.00%,27,"$1,030,000",$0
Tyrus Wheat,EDGE,Lions,,RFA,6.00%,27,"$1,030,000",$0
James Mitchell,TE,Panthers,,RFA,4.40%,27,"$1,030,000",$0
Blake Whiteheart,TE,Browns,,RFA,22.60%,26,"$1,030,000",$0
Esezi Otomewo,EDGE,Steelers,,RFA,14.90%,27,"$1,030,000",$0
Keaontay Ingram,RB,Chiefs,,RFA,0.00%,27,"$1,030,000",$0
Brandon Pili,IDL,Seahawks,,RFA,13.40%,27,"$1,030,000",$0
Ryan McCollum,C,Steelers,,RFA,5.80%,28,"$1,030,000",$0
Shane Buechele,QB,Chiefs,,SFA,2.60%,28,"$1,030,000",$0
Jaret Patterson,RB,Chargers,,ERFA,10.10%,27,"$1,030,000",$0
Jordan Meredith,C,Raiders,,RFA,68.10%,28,"$1,030,000",$0
Ty Okada,CB,Seahawks,,ERFA,65.80%,27,"$1,030,000",$0
Trevor Nowaske,LB,Lions,,RFA,6.70%,28,"$1,030,000",$0
Buddy Johnson,LB,Colts,,UFA,2.20%,27,"$1,030,000",$0
Jordan McFadden,LG,Bears,,RFA,0.20%,27,"$1,030,000",$0
Brady Russell,TE,Seahawks,,RFA,5.40%,28,"$1,030,000",$0
Thomas Incoom,EDGE,Panthers,,RFA,2.40%,27,"$1,030,000",$0
Bo Melton,WR,Packers,,ERFA,9.10%,27,"$1,030,000",$0
Travis Vokolek,TE,Cardinals,,ERFA,2.80%,28,"$1,030,000",$0
Lecitus Smith,RG,Packers,,ERFA,4.90%,28,"$1,030,000",$0
Tommy DeVito,QB,Patriots,,RFA,0.00%,28,"$1,030,000",$0
Derion Kendrick,CB,Rams,,UFA,11.90%,26,"$1,030,000",$0
Austin Deculus,RT,Chargers,,RFA,45.10%,27,"$1,010,000","$5,000"
Sam Howell,QB,Eagles,,UFA,0.00%,26,"$1,005,400","$361,600"
Micah McFadden,LB,Giants,,UFA,1.00%,26,"$1,003,926","$355,704"
D.J. Davidson,IDL,Giants,,UFA,23.00%,27,"$1,003,530","$354,120"
Tyler Allgeier,RB,Falcons,,UFA,29.90%,26,"$998,472","$333,888"
Tariq Woolen,CB,Seahawks,,UFA,72.40%,27,"$998,054","$332,216"
Eric Johnson,IDL,Colts,,UFA,11.40%,28,"$995,185","$320,740"
Otito Ogbonnia,IDL,Chargers,,UFA,13.60%,26,"$994,722","$318,888"
D'Marco Jackson,LB,Bears,,UFA,24.30%,28,"$994,229","$316,916"
Tycen Anderson,S,Bengals,,UFA,5.90%,27,"$991,521","$306,084"
Jake Bates,K,Lions,,ERFA,36.40%,27,"$990,000","$150,000"
Braxton Jones,LT,Bears,,UFA,18.20%,27,"$989,887","$299,548"
Ty Chandler,RB,Vikings,,UFA,4.20%,28,"$989,711","$298,844"
Dominique Robinson,EDGE,Bears,,UFA,20.00%,28,"$983,288","$273,152"
Cam Grandy,TE,Bengals,Bengals,Signed,2.50%,27,"$1,075,000",$0
Ja'Marcus Ingram,CB,Texans,,ERFA,10.20%,29,"$976,250","$7,500"
Damone Clark,LB,Texans,,UFA,9.30%,26,"$975,639","$242,556"
John Ridgeway,IDL,Saints,,UFA,6.60%,27,"$975,639","$242,556"
Kingsley Enagbare,EDGE,Packers,,UFA,41.80%,26,"$975,639","$242,556"
Marcelino McCrary-Ball,LB,Jets,,ERFA,9.40%,27,"$972,500",$0
Christopher Brooks,RB,Packers,,RFA,19.30%,26,"$972,500",$0
Kyu Blu Kelly,CB,Raiders,,ERFA,0.00%,25,"$972,500",$0
Jake Browning,QB,Bengals,,RFA,19.10%,30,"$972,500",$0
Jaquelin Roy,IDL,Patriots,,RFA,0.00%,26,"$972,500",$0
Chad Ryland,K,Cardinals,,RFA,33.30%,27,"$972,500",$0
Ethan Bonner,CB,Dolphins,,ERFA,8.40%,27,"$972,500",$0
Thomas Booker,IDL,Raiders,,RFA,53.90%,27,"$972,500",$0
Vederian Lowe,LT,Patriots,,UFA,29.10%,27,"$964,468","$197,872"
Malcolm Rodriguez,LB,Lions,,UFA,6.50%,27,"$961,982","$187,928"
Jalen Nailor,WR,Vikings,,UFA,65.20%,27,"$960,165","$180,660"
Kendall Williamson,S,Chargers,,ERFA,2.70%,26,"$960,000",$0
Deneric Prince,RB,Patriots,,ERFA,0.00%,26,"$960,000",$0
Mitchell Tinsley,WR,Bengals,Bengals,Signed,25.90%,27,"$1,075,000",$0
Jalen Redmond,IDL,Vikings,,ERFA,74.10%,27,"$960,000",$0
Kimani Vidal,RB,Chargers,,ERFA,42.10%,25,"$960,000",$0
Brenden Bates,TE,Browns,,ERFA,12.70%,27,"$960,000",$0
Anthony Kendall,CB,Browns,,ERFA,0.00%,27,"$960,000",$0
Dondrea Tillman,EDGE,Broncos,,ERFA,37.10%,28,"$960,000",$0
Jamari Thrash,WR,Browns,,ERFA,19.90%,26,"$960,000",$0
Jarrett Kingston,LG,Texans,,ERFA,2.80%,27,"$960,000",$0
Winston Reid,LB,Browns,,ERFA,0.00%,27,"$960,000",$0
Joshua Karty,K,Rams,,ERFA,17.10%,24,"$960,000",$0
Malachi Corley,WR,Browns,,ERFA,17.90%,24,"$960,000",$0
Nic Jones,CB,Giants,,ERFA,1.80%,25,"$960,000",$0
P.J. Mustipher,IDL,Cardinals,,ERFA,26.20%,28,"$960,000",$0
Eric Scott,CB,Chiefs,,ERFA,0.00%,27,"$960,000",$0
Matt Araiza,P,Chiefs,,ERFA,30.60%,26,"$960,000",$0
Tyrone Wheatley Jr.,RT,Falcons,,ERFA,0.00%,29,"$960,000",$0
Jordan Jackson,IDL,Broncos,,ERFA,7.60%,28,"$960,000",$0
Lacale London,IDL,Falcons,,RFA,24.50%,29,"$960,000",$0
Michael Niese,LG,Lions,Lions,Signed,1.10%,28,"$1,075,000",$0
Austen Pleasants,RT,49ers,,ERFA,11.10%,29,"$960,000",$0
Devon Key,S,Broncos,,ERFA,6.50%,29,"$960,000",$0
Charles Snowden,EDGE,Raiders,,ERFA,28.80%,28,"$960,000",$0
Jelani Woods,TE,Jets,,Void,5.70%,28,"$960,000",$0
Luke Tenuta,LT,Colts,,RFA,2.60%,27,"$960,000",$0
Andrew Ogletree,TE,Colts,,RFA,21.10%,28,"$959,548","$178,192"
Jamaree Salyer,RG,Chargers,,UFA,39.30%,26,"$958,983","$175,932"
Grant Calcaterra,TE,Eagles,,UFA,36.10%,28,"$958,535","$174,140"
Connor Heyward,TE,Steelers,,UFA,8.70%,27,"$953,806","$155,224"
Ja'Sir Taylor,CB,Jets,,UFA,12.30%,27,"$948,003","$132,012"
Quentin Lake,S,Rams,Rams,Extension,56.50%,27,"$12,750,000","$8,500,000"
Ko Kieft,TE,Buccaneers,,UFA,2.60%,28,"$948,003","$132,012"
Kalia Davis,IDL,49ers,,RFA,45.30%,28,"$948,003","$132,012"
Montaric Brown,CB,Jaguars,,UFA,67.10%,27,"$943,995","$115,980"
Chris Paul,LG,Commanders,,UFA,81.70%,28,"$941,112","$104,448"
Dareke Young,WR,Seahawks,,UFA,4.90%,27,"$940,275","$101,100"
Deane Leonard,CB,Chargers,,UFA,3.50%,27,"$939,916","$99,664"
Jaylen Watson,CB,Chiefs,,UFA,83.40%,28,"$936,342","$85,368"
Rasheed Walker,LT,Packers,,UFA,94.00%,26,"$935,219","$80,876"
Isiah Pacheco,RB,Chiefs,,UFA,38.10%,27,"$934,777","$79,108"
Elijah Hicks,S,Bears,,UFA,5.80%,27,"$934,253","$77,012"
Mohamoud Diabate,LB,Browns,,RFA,28.20%,25,"$906,667","$250,000"
Bryce Ford-Wheaton,WR,Giants,,RFA,0.00%,26,"$905,000","$236,000"
Starling Thomas V,CB,Cardinals,,RFA,0.00%,26,"$905,000","$20,000"
Alex Palczewski,LT,Broncos,,RFA,58.30%,27,"$905,000","$80,000"
Ivan Pace Jr.,LB,Vikings,,RFA,30.20%,26,"$905,000","$236,000"
Ronnie Hickman,S,Browns,,RFA,98.50%,25,"$905,000","$220,000"
Keaton Mitchell,RB,Ravens,,RFA,13.00%,24,"$904,333","$73,000"
Cam Jones,LB,Jets,,RFA,0.40%,27,"$903,333","$150,000"
Jaleel McLaughlin,RB,Broncos,,RFA,7.50%,26,"$903,333","$55,000"
Drake Thomas,LB,Seahawks,,RFA,67.70%,26,"$903,333","$100,000"
Emari Demercado,RB,Cardinals,,RFA,17.30%,27,"$903,333","$70,000"
Julian Hill,TE,Dolphins,,RFA,44.90%,26,"$902,500","$42,500"
Christian Izien,S,Buccaneers,,RFA,15.90%,26,"$901,667","$160,000"
Ben Sims,TE,Vikings,,RFA,8.40%,26,"$901,667","$110,000"
T.J. Bass,RG,Cowboys,,RFA,29.60%,27,"$901,667","$150,000"
Nate Adkins,TE,Broncos,,RFA,17.50%,27,"$901,667","$75,000"
Jake Bobo,WR,Seahawks,,RFA,10.90%,28,"$901,667","$10,000"
Malik Heath,WR,Falcons,,RFA,20.20%,26,"$901,333","$9,000"
Brenton Cox Jr.,EDGE,Packers,,RFA,7.10%,26,"$901,333","$9,000"
Chris Stoll,LS,Seahawks,,RFA,33.10%,28,"$900,500","$6,500"
Sean Tucker,RB,Buccaneers,,RFA,15.60%,25,"$900,000","$155,000"
Claudin Cherelus,LB,Panthers,,RFA,19.60%,27,"$900,000","$20,000"
Markees Watts,EDGE,Buccaneers,,RFA,2.50%,27,"$898,667","$1,000"
Brandon Aubrey,K,Cowboys,,RFA,40.10%,31,"$898,333",$0
A.J. Finley,S,Seahawks,,RFA,0.00%,25,"$898,333",$0
Tyler Badie,RB,Broncos,,ERFA,16.80%,27,"$877,500",$0
Demani Richardson,S,Panthers,Panthers,Signed,2.70%,26,"$1,075,000",$0
Jowon Briggs,IDL,Jets,,ERFA,52.10%,25,"$877,500",$0
Bo Richter,EDGE,Vikings,,ERFA,4.90%,26,"$877,500",$0
Josh Butler,CB,Cowboys,,ERFA,2.30%,30,"$877,500",$0
Natrone Brooks,CB,Falcons,,ERFA,6.80%,27,"$877,500",$0
Bryce Oliver,WR,Titans,,ERFA,2.80%,26,"$877,500",$0
Ryan Miller,WR,Giants,,ERFA,10.80%,26,"$877,500",$0
Evan Deckers,LS,Buccaneers,,ERFA,28.20%,27,"$877,500",$0
Nikko Remigio,WR,Chiefs,,ERFA,2.80%,27,"$877,500",$0
Rex Sunahara,LS,Browns,,ERFA,29.40%,30,"$877,500",$0
George Holani,RB,Seahawks,,ERFA,3.30%,27,"$877,500",$0
Art Green,CB,Giants,,ERFA,0.00%,26,"$877,500",$0
Jalen Coker,WR,Panthers,,ERFA,41.40%,25,"$877,500",$0
Xavier Smith,WR,Rams,,ERFA,20.50%,29,"$877,500",$0
Jack Westover,TE,Patriots,,ERFA,21.70%,27,"$877,500",$0
Justin Dedich,C,Rams,,ERFA,43.70%,26,"$877,500",$0
Rejzohn Wright,CB,Saints,Saints,Signed,0.20%,26,"$1,005,000",$0
Anfernee Orji,LB,Titans,,ERFA,0.00%,26,"$877,500",$0
Shaka Heyward,LB,Bengals,Bengals,Signed,3.30%,26,"$1,075,000",$0
Isaiah Stalbird,S,Saints,Saints,Signed,5.80%,26,"$1,075,000",$0
Obinna Eze,LT,Dolphins,,ERFA,0.00%,28,"$840,000",$0
Will Putnam,C,Raiders,,ERFA,14.00%,26,"$840,000",$0
Carl Jones Jr.,EDGE,Ravens,,ERFA,0.00%,25,"$840,000",$0
Emory Jones,QB,Falcons,,ERFA,0.00%,26,"$840,000",$0
C.J. Ravenell,EDGE,Titans,,ERFA,9.10%,26,"$840,000",$0
Corey Bullock,C,Ravens,,ERFA,1.30%,25,"$840,000",$0
Kamal Hadden,CB,Packers,,ERFA,3.30%,25,"$840,000",$0
Dayton Wade,WR,Ravens,,ERFA,0.00%,26,"$840,000",$0
Josh Cephus,WR,Jaguars,,ERFA,0.00%,25,"$840,000",$0
Isaiah Iton,EDGE,Patriots,,ERFA,0.00%,25,"$840,000",$0
Donovan Jennings,RT,Packers,,ERFA,0.60%,27,"$840,000",$0
Mason Pline,TE,Saints,,ERFA,0.00%,26,"$840,000",$0
Nick Whiteside,CB,Lions,Lions,Signed,4.60%,26,"$1,005,000",$0
P.J. Jules,S,Bengals,Bengals,Signed,0.70%,25,"$1,005,000",$0
Harrison Mevis,K,Rams,,ERFA,12.90%,24,"$840,000",$0
Zavier Scott,WR,Vikings,,ERFA,10.50%,27,"$840,000",$0
Jacob Slade,IDL,Steelers,,ERFA,0.00%,26,"$840,000",$0
Austin Ajiake,LB,Colts,Colts,Signed,13.50%,26,"$1,005,000",$0
Garrett Dellinger,LG,Titans,,ERFA,2.70%,24,"$840,000",$0
Reddy Steward,CB,Cowboys,,ERFA,46.90%,25,"$840,000",$0
Connor Bazelak,QB,Buccaneers,,ERFA,0.00%,26,"$840,000",$0
Jacob Saylors,RB,Lions,Lions,Signed,0.70%,26,"$1,005,000",$0
Kai Kroeger,P,Saints,,ERFA,29.10%,24,"$840,000",$0
Brycen Tremayne,WR,Panthers,,ERFA,24.90%,27,"$840,000",$0
Andre Szmyt,K,Browns,,ERFA,23.90%,28,"$840,000",$0
Basil Okoye,IDL,Ravens,,ERFA,18.90%,25,"$840,000",$0
Zaire Mitchell-Paden,TE,Saints,Saints,Signed,10.20%,27,"$1,062,500",$0
Theo Benedet,RT,Bears,,ERFA,50.00%,25,"$840,000",$0
Darius Harris,LB,Patriots,,SFA,0.00%,30,"$525,000",$0
Julian Okwara,EDGE,Browns,,SFA,0.00%,29,"$396,000",$0
Craig Reynolds,RB,Patriots,,SFA,0.40%,30,"$396,000",$0
Delarrin Turner-Yell,S,Broncos,,SFA,0.00%,27,"$358,611",$0
Brandon Johnson,WR,Steelers,,SFA,0.00%,28,"$349,445",$0
Chandler Martin,LB,Ravens,,SFA,0.00%,24,"$335,001",$0
Kendall Sheffield,CB,Dolphins,,SFA,2.10%,30,"$322,500",$0
Mike Hilton,CB,Colts,,SFA,6.00%,32,"$315,000",$0
Shane Lemieux,LG,Seahawks,,SFA,0.00%,29,"$315,000",$0
Ty Summers,LB,Bears,,SFA,0.00%,31,"$315,000",$0
Jaxson Kirkland,RG,Bengals,,SFA,0.00%,28,"$314,666",$0
Darius Rush,CB,Commanders,Commanders,Signed,0.00%,26,"$1,075,000",$0
Tyler Mclellan,RT,Buccaneers,,SFA,0.00%,27,"$267,667",$0
Jacardia Wright,RB,Seahawks,,SFA,0.50%,26,"$267,667",$0
Ja'Corey Brooks,WR,Commanders,Commanders,Signed,0.70%,25,"$885,000",$0
Keilan Robinson,RB,Jets,,SFA,0.00%,26,"$234,000",$0
Ryan Hayes,LT,Falcons,,SFA,0.00%,26,"$234,000",$0
Will Sheppard,WR,Packers,Packers,Signed,0.00%,,"$885,000",$0
Luke Felix-Fualalo,LT,Eagles,,SFA,0.00%,26,"$234,000",$0
Leander Wiegand,LG,Jets,,SFA,0.00%,27,"$234,000",$0
Blake Watson,RB,Titans,Titans,Signed,0.00%,27,"$1,062,500",$0
Trevian Thomas,S,Jaguars,Jaguars,Signed,0.00%,24,"$885,000",$0
Thomas Odukoya,TE,Patriots,,SFA,0.00%,29,"$234,000",$0
Jayson Jones,IDL,Buccaneers,Buccaneers,Signed,0.00%,25,"$967,500",$0
Ricky Stromberg,C,Bears,,SFA,0.00%,26,"$234,000",$0
A.J. Henning,WR,Dolphins,Dolphins,Signed,0.00%,25,"$967,500",$0
McCallan Castles,TE,Packers,Packers,Signed,0.00%,27,"$885,000",$0
Tyrone Broden,WR,Seahawks,,SFA,0.00%,25,"$234,000",$0
Brandon Hill,S,Texans,,SFA,0.00%,26,"$234,000",$0
Joel Wilson,TE,Titans,Titans,Signed,0.00%,26,"$967,500",$0
Kaevon Merriweather,S,Texans,,SFA,2.40%,27,"$234,000",$0
Qadir Ismail,WR,Bears,,SFA,0.00%,26,"$234,000",$0
Layne Pryor,TE,Texans,,SFA,0.00%,,"$234,000",$0
